{"0": {"type": "t_intersection", "wp": [[101.3897476196289, 55.498661041259766, 0.0], [88.37702178955078, 46.15030288696289, 0.0], [88.37171173095703, 11.240303993225098, 0.0], [92.37171173095703, 11.23969554901123, 0.0], [102.69065856933594, 1.9501270055770874, 0.0]], "wp_mark": [["Signal_3Light_Post01"], ["Signal_3Light_Post01"], [], ["Signal_3Light_Post01"], []], "wp_lanetype": [0, 0, 0, 0, 0], "tf_loc": [[94.98997497558594, 70.40999603271484, 0.1032421886920929], [102.72000122070312, 52.85001754760742, 0.10326171666383743], [85.72999572753906, 45.779998779296875, 0.10420653969049454], [95.04000091552734, 12.560009956359863, 0.10326171666383743], [77.47999572753906, 4.829999923706055, 0.1032421886920929], [102.11000061035156, -4.429990291595459, 0.10420653969049454]], "center_loc": [93.01166152954102, 30.333338658014934, 0.10357014834880829], "plan_way": [["Left", 16.022573471069336, [[101.3897476196289, 55.498661041259766, 0.0], [88.37702178955078, 46.15030288696289, 0.0]], false], ["Right", 46.13319396972656, [[88.37171173095703, 11.240303993225098, 0.0], [101.3897476196289, 55.498661041259766, 0.0]], false], ["Right", 45.16836166381836, [[101.3897476196289, 55.498661041259766, 0.0], [92.37171173095703, 11.23969554901123, 0.0]], true], ["Left", 16.022573471069336, [[101.3897476196289, 55.498661041259766, 0.0], [88.37702178955078, 46.15030288696289, 0.0]], false], ["Straight", 34.90999984741211, [[88.37171173095703, 11.240303993225098, 0.0], [88.37702178955078, 46.15030288696289, 0.0]], true], ["Right", 46.460044860839844, [[102.69065856933594, 1.9501270055770874, 0.0], [88.37702178955078, 46.15030288696289, 0.0]], false], ["Right", 46.13319396972656, [[88.37171173095703, 11.240303993225098, 0.0], [101.3897476196289, 55.498661041259766, 0.0]], false], ["Straight", 34.90999984741211, [[88.37171173095703, 11.240303993225098, 0.0], [88.37702178955078, 46.15030288696289, 0.0]], true], ["Left", 17.068674087524414, [[88.37171173095703, 11.240303993225098, 0.0], [102.69065856933594, 1.9501270055770874, 0.0]], false], ["Right", 45.16836166381836, [[101.3897476196289, 55.498661041259766, 0.0], [92.37171173095703, 11.23969554901123, 0.0]], true], ["Left", 13.884407043457031, [[102.69065856933594, 1.9501270055770874, 0.0], [92.37171173095703, 11.23969554901123, 0.0]], false], ["Right", 46.460044860839844, [[102.69065856933594, 1.9501270055770874, 0.0], [88.37702178955078, 46.15030288696289, 0.0]], false], ["Right", 17.068674087524414, [[102.69065856933594, 1.9501270055770874, 0.0], [88.37171173095703, 11.240303993225098, 0.0]], false], ["Left", 13.884407043457031, [[102.69065856933594, 1.9501270055770874, 0.0], [92.37171173095703, 11.23969554901123, 0.0]], false]]}, "1": {"type": "t_intersection", "wp": [[79.63892364501953, 330.5772705078125, 0.0], [88.4182357788086, 317.30029296875, 0.0], [79.64105987548828, 326.5772705078125, 0.0], [101.6189193725586, 330.58905029296875, 0.0], [101.62105560302734, 326.58905029296875, 0.0]], "wp_mark": [["Signal_3Light_Post01"], [], [], [], ["Signal_3Light_Post01"]], "wp_lanetype": [0, 0, 0, 0, 0], "tf_loc": [[106.11997985839844, 324.08001708984375, 0.1032421886920929], [85.62993621826172, 316.3500671386719, 0.10326171666383743], [75.71001434326172, 333.3399963378906, 0.10420653969049454]], "center_loc": [89.15331013997395, 324.59002685546875, 0.10357014834880829], "plan_way": [["Right", 15.917112350463867, [[79.63892364501953, 330.5772705078125, 0.0], [88.4182357788086, 317.30029296875, 0.0]], false], ["Left", 12.771105766296387, [[79.64105987548828, 326.5772705078125, 0.0], [88.4182357788086, 317.30029296875, 0.0]], false], ["Right", 18.730966567993164, [[101.6189193725586, 330.58905029296875, 0.0], [88.4182357788086, 317.30029296875, 0.0]], false], ["Left", 16.142969131469727, [[101.62105560302734, 326.58905029296875, 0.0], [88.4182357788086, 317.30029296875, 0.0]], false], ["Right", 15.917112350463867, [[79.63892364501953, 330.5772705078125, 0.0], [88.4182357788086, 317.30029296875, 0.0]], false], ["Straight", 21.979999542236328, [[79.63892364501953, 330.5772705078125, 0.0], [101.6189193725586, 330.58905029296875, 0.0]], false], ["Left", 12.771105766296387, [[79.64105987548828, 326.5772705078125, 0.0], [88.4182357788086, 317.30029296875, 0.0]], false], ["Straight", 21.979999542236328, [[79.64105987548828, 326.5772705078125, 0.0], [101.62105560302734, 326.58905029296875, 0.0]], false], ["Left", 18.730966567993164, [[88.4182357788086, 317.30029296875, 0.0], [101.6189193725586, 330.58905029296875, 0.0]], true], ["Straight", 21.979999542236328, [[79.63892364501953, 330.5772705078125, 0.0], [101.6189193725586, 330.58905029296875, 0.0]], false], ["Left", 16.142969131469727, [[101.62105560302734, 326.58905029296875, 0.0], [88.4182357788086, 317.30029296875, 0.0]], false], ["Straight", 21.979999542236328, [[79.64105987548828, 326.5772705078125, 0.0], [101.62105560302734, 326.58905029296875, 0.0]], false]]}, "2": {"type": "t_intersection", "wp": [[167.1697540283203, 55.49064636230469, 0.0], [154.0238037109375, 46.19753646850586, 0.0], [158.06654357910156, 11.022421836853027, 0.0], [144.990234375, 59.493350982666016, 0.0], [144.9597930908203, 1.9544697999954224, 0.0], [168.07977294921875, 1.9569374322891235, 0.0], [144.95980834960938, 1.9544697999954224, 0.0]], "wp_mark": [["Signal_3Light_Post01", "Signal_3Light_Post01"], [], ["Signal_3Light_Post01"], ["Signal_3Light_Post01"], ["Signal_3Light_Post01"], [], []], "wp_lanetype": [0, 0, 0, 0, 0, 0, 0], "tf_loc": [[168.8699951171875, 53.03003692626953, 0.1032421886920929], [151.30995178222656, 45.30007553100586, 0.10326171666383743], [144.2400360107422, 62.28999710083008, 0.10420653969049454], [160.67999267578125, 12.559999465942383, 0.10326171666383743], [143.1199951171875, 4.830009460449219, 0.1032421886920929], [167.75, -4.429990291595459, 0.10420653969049454]], "center_loc": [155.9949951171875, 28.9300213654836, 0.10357014834880829],