{
    "other_vehicle": [
        {
            "start_point": {
                "x": -78.12586212158203,
                "y": 149.45716857910156,
                "z": 0.0,
                "pitch": 0.0,
                "yaw": -90.21229553222656,
                "roll": 0.0
            },
            "middle_point": [],
            "end_point": null
        },
        {
            "start_point": {
                "x": -88.06168365478516,
                "y": 111.21449279785156,
                "z": 0.17600029706954956,
                "pitch": -0.8250187635421753,
                "yaw": 89.84373474121094,
                "roll": 0.0
            },
            "middle_point": [],
            "end_point": null
        },
        {
            "start_point": {
                "x": -84.52511596679688,
                "y": 124.61829376220703,
                "z": 0.03571648895740509,
                "pitch": -0.3948639929294586,
                "yaw": 89.84373474121094,
                "roll": 0.0
            },
            "middle_point": [],
            "end_point": null
        }
    ],
    "ego": {
        "start_point": {
            "x": -84.56216430664062,
            "y": 111.03599548339844,
            "z": 0.17844149470329285,
            "pitch": -0.8307207226753235,
            "yaw": 89.84373474121094,
            "roll": 0.0
        },
        "middle_point": [
            {
                "x": -70.02222442626953,
                "y": 135.55435180664062,
                "z": 0.0,
                "pitch": 0.0,
                "yaw": -1.2968021631240845,
                "roll": 0.0
            },
            {
                "x": -61.41498947143555,
                "y": 135.3594970703125,
                "z": 0.0,
                "pitch": 0.0,
                "yaw": -1.2968021631240845,
                "roll": 0.0
            }
        ],
        "end_point": {
            "x": -50.54170227050781,
            "y": 135.1133575439453,
            "z": 0.0,
            "pitch": 0.0,
            "yaw": -1.2968021631240845,
            "roll": 0.0
        }
    }
}