{
    "ego": {
        "start_point": {
            "x": 236.95303344726562,
            "y": -75.41402435302734,
            "z": 0.0,
            "pitch": 0.0,
            "yaw": 91.39320373535156,
            "roll": 0.0
        },
        "middle_point": [
            {
                "x": 236.38438415527344,
                "y": -52.03301239013672,
                "z": 0.0,
                "pitch": 0.0,
                "yaw": 91.39320373535156,
                "roll": 0.0
            },
            {
                "x": 235.86708068847656,
                "y": -30.76293182373047,
                "z": 0.0,
                "pitch": 0.0,
                "yaw": 91.39320373535156,
                "roll": 0.0
            }
        ],
        "end_point": {
            "x": 235.34950256347656,
            "y": -9.482036590576172,
            "z": 0.0,
            "pitch": 0.0,
            "yaw": -268.60675048828125,
            "roll": 0.0
        }
    },
    "other_vehicle": [
        {
            "start_point": {
                "x": 236.27743530273438,
                "y": -47.635459899902344,
                "z": 0.0,
                "pitch": 0.0,
                "yaw": 91.39320373535156,
                "roll": 0.0
            },
            "middle_point": [],
            "end_point": null
        },
        {
            "start_point": {
                "x": 233.45018005371094,
                "y": -75.33934783935547,
                "z": 0.0,
                "pitch": 0.0,
                "yaw": 91.39320373535156,
                "roll": 0.0
            },
            "middle_point": [],
            "end_point": null
        },
        {
            "start_point": {
                "x": 243.28384399414062,
                "y": -47.813987731933594,
                "z": 0.0,
                "pitch": 360.0,
                "yaw": 271.3931884765625,
                "roll": 0.0
            },
            "middle_point": [],
            "end_point": null
        }
    ]
}