{
    "ego": {
        "start_point": {
            "x": 80.73577117919922,
            "y": -106.724365234375,
            "z": 8.0,
            "pitch": 0.0,
            "yaw": 92.02412414550781,
            "roll": 0.0
        },
        "middle_point": [
            {
                "x": 80.17951965332031,
                "y": -90.98551940917969,
                "z": 8.0,
                "pitch": 0.0,
                "yaw": 92.02412414550781,
                "roll": 0.0
            },
            {
                "x": 79.51126098632812,
                "y": -72.0774154663086,
                "z": 8.0,
                "pitch": 0.0,
                "yaw": 92.02412414550781,
                "roll": 0.0
            }
        ],
        "end_point": {
            "x": 78.81388854980469,
            "y": -52.345333099365234,
            "z": 5.533618450164795,
            "pitch": -9.595273971557617,
            "yaw": 92.02412414550781,
            "roll": 0.0
        }
    },
    "other_vehicle": [
        {
            "start_point": {
                "x": 80.32768249511719,
                "y": -95.17771911621094,
                "z": 8.0,
                "pitch": 0.0,
                "yaw": 92.02412414550781,
                "roll": 0.0
            },
            "middle_point": [],
            "end_point": null
        },
        {
            "start_point": {
                "x": 84.24559020996094,
                "y": -106.94033813476562,
                "z": 8.0,
                "pitch": 360.0,
                "yaw": 272.02410888671875,
                "roll": 0.0
            },
            "middle_point": [],
            "end_point": null
        },
        {
            "start_point": {
                "x": 82.32321166992188,
                "y": -52.5472412109375,
                "z": 5.588168144226074,
                "pitch": 369.59527587890625,
                "yaw": 272.02410888671875,
                "roll": 0.0
            },
            "middle_point": [],
            "end_point": null
        }
    ]
}