{
    "ego": {
        "start_point": {
            "x": 102.01374053955078,
            "y": -76.71138000488281,
            "z": 8.0,
            "pitch": 0.0,
            "yaw": -178.49090576171875,
            "roll": 0.0
        },
        "middle_point": [
            {
                "x": 83.49899291992188,
                "y": -85.81554412841797,
                "z": 8.0,
                "pitch": 360.0,
                "yaw": 272.02410888671875,
                "roll": 0.0
            },
            {
                "x": 83.9073257446289,
                "y": -97.36921691894531,
                "z": 8.0,
                "pitch": 360.0,
                "yaw": 272.02410888671875,
                "roll": 0.0
            }
        ],
        "end_point": {
            "x": 84.40682220458984,
            "y": -111.5023193359375,
            "z": 8.0,
            "pitch": 360.0,
            "yaw": 272.02410888671875,
            "roll": 0.0
        }
    },
    "other_vehicle": [
        {
            "start_point": {
                "x": 91.25305938720703,
                "y": -76.9948501586914,
                "z": 8.0,
                "pitch": 0.0,
                "yaw": -178.49090576171875,
                "roll": 0.0
            },
            "middle_point": [],
            "end_point": null
        },
        {
            "start_point": {
                "x": 102.20978546142578,
                "y": -73.20499420166016,
                "z": 8.0,
                "pitch": 0.0,
                "yaw": -178.49090576171875,
                "roll": 0.0
            },
            "middle_point": [],
            "end_point": null
        },
        {
            "start_point": {
                "x": 80.90453338623047,
                "y": -111.49937438964844,
                "z": 8.0,
                "pitch": 0.0,
                "yaw": 92.02412414550781,
                "roll": 0.0
            },
            "middle_point": [],
            "end_point": null
        }
    ]
}