{
    "other_vehicle": [
        {
            "start_point": {
                "x": 80.90453338623047,
                "y": -111.49937438964844,
                "z": 8.0,
                "pitch": 0.0,
                "yaw": 92.02412414550781,
                "roll": 0.0
            },
            "middle_point": [],
            "end_point": null
        },
        {
            "start_point": {
                "x": 90.26487731933594,
                "y": -73.51966857910156,
                "z": 8.0,
                "pitch": 0.0,
                "yaw": -538.4909057617188,
                "roll": 0.0
            },
            "middle_point": [],
            "end_point": null
        },
        {
            "start_point": {
                "x": 102.4013900756836,
                "y": -76.70115661621094,
                "z": 8.0,
                "pitch": 0.0,
                "yaw": -178.49090576171875,
                "roll": 0.0
            },
            "middle_point": [],
            "end_point": null
        }
    ],
    "ego": {
        "start_point": {
            "x": 102.41410064697266,
            "y": -73.19961547851562,
            "z": 8.0,
            "pitch": 0.0,
            "yaw": -178.49090576171875,
            "roll": 0.0
        },
        "middle_point": [
            {
                "x": 79.32769775390625,
                "y": -66.88339233398438,
                "z": 7.786169528961182,
                "pitch": -4.980072975158691,
                "yaw": 92.02412414550781,
                "roll": 0.0
            },
            {
                "x": 78.89826965332031,
                "y": -54.73283767700195,
                "z": 5.933701515197754,
                "pitch": -9.595273971557617,
                "yaw": 92.02412414550781,
                "roll": 0.0
            }
        ],
        "end_point": {
            "x": 78.5672836303711,
            "y": -45.367713928222656,
            "z": 4.364353179931641,
            "pitch": -9.595273971557617,
            "yaw": 92.02412414550781,
            "roll": 0.0
        }
    }
}