{
    "other_vehicle": [
        {
            "start_point": {
                "x": -88.02320861816406,
                "y": 126.9244613647461,
                "z": 0.01975741982460022,
                "pitch": -0.3952014744281769,
                "yaw": 90.38462829589844,
                "roll": 0.0
            },
            "middle_point": [],
            "end_point": null
        },
        {
            "start_point": {
                "x": -84.55143737792969,
                "y": 114.96834564208984,
                "z": 0.12598112225532532,
                "pitch": -0.6980071663856506,
                "yaw": 89.84373474121094,
                "roll": 0.0
            },
            "middle_point": [],
            "end_point": null
        },
        {
            "start_point": {
                "x": -78.12586212158203,
                "y": 149.45716857910156,
                "z": 0.0,
                "pitch": 0.0,
                "yaw": -90.21229553222656,
                "roll": 0.0
            },
            "middle_point": [],
            "end_point": null
        }
    ],
    "ego": {
        "start_point": {
            "x": -88.05096435546875,
            "y": 115.1458740234375,
            "z": 0.12394295632839203,
            "pitch": -0.6923378109931946,
            "yaw": 89.84373474121094,
            "roll": 0.0
        },
        "middle_point": [
            {
                "x": -88.63468170166016,
                "y": 140.1967010498047,
                "z": 0.0,
                "pitch": 0.0,
                "yaw": 91.08047485351562,
                "roll": 0.0
            },
            {
                "x": -88.59746551513672,
                "y": 157.1408233642578,
                "z": 0.0,
                "pitch": 360.0,
                "yaw": 89.78770446777344,
                "roll": 0.0
            }
        ],
        "end_point": {
            "x": -86.95069885253906,
            "y": 170.3655242919922,
            "z": 0.0,
            "pitch": 360.0,
            "yaw": 435.74853515625,
            "roll": 0.0
        }
    }
}