{
    "other_vehicle": [
        {
            "start_point": {
                "x": -88.02320861816406,
                "y": 126.9244613647461,
                "z": 0.01975741982460022,
                "pitch": -0.3952014744281769,
                "yaw": 90.38462829589844,
                "roll": 0.0
            },
            "middle_point": [],
            "end_point": null
        },
        {
            "start_point": {
                "x": -84.55143737792969,
                "y": 114.96834564208984,
                "z": 0.12598112225532532,
                "pitch": -0.6980071663856506,
                "yaw": 89.84373474121094,
                "roll": 0.0
            },
            "middle_point": [],
            "end_point": null
        },
        {
            "start_point": {
                "x": -78.12586212158203,
                "y": 149.45716857910156,
                "z": 0.0,
                "pitch": 0.0,
                "yaw": -90.21229553222656,
                "roll": 0.0
            },
            "middle_point": [],
            "end_point": null
        }
    ],
    "ego": {
        "start_point": {
            "x": -88.05145263671875,
            "y": 114.9676513671875,
            "z": 0.1261058747768402,
            "pitch": -0.6983526349067688,
            "yaw": 89.84373474121094,
            "roll": 0.0
        },
        "middle_point": [
            {
                "x": -95.09758758544922,
                "y": 132.62107849121094,
                "z": 0.0,
                "pitch": 0.0,
                "yaw": -181.29678344726562,
                "roll": 0.0
            },
            {
                "x": -107.37401580810547,
                "y": 132.89898681640625,
                "z": 0.0,
                "pitch": 360.0,
                "yaw": 178.7032012939453,
                "roll": 0.0
            }
        ],
        "end_point": {
            "x": -117.73744201660156,
            "y": 133.1335906982422,
            "z": 0.0,
            "pitch": 360.0,
            "yaw": 178.7032012939453,
            "roll": 0.0
        }
    }
}