{
    "ego": {
        "start_point": {
            "x": 232.69346618652344,
            "y": -44.225074768066406,
            "z": 0.0,
            "pitch": 0.0,
            "yaw": 91.39320373535156,
            "roll": 0.0
        },
        "end_point": {
            "x": 232.5762481689453,
            "y": -9.31171226501465,
            "z": 0.0,
            "pitch": 0.0,
            "yaw": 91.39320373535156,
            "roll": 0.0
        }
    },
    "other_vehicle": [
        {
            "start_point": {
                "x": 235.6978759765625,
                "y": -20.406654357910156,
                "z": 0.0,
                "pitch": 0.0,
                "yaw": 91.39320373535156,
                "roll": 0.0
            },
            "middle_point": [],
            "end_point": null
        },
        {
            "start_point": {
                "x": 235.1062774658203,
                "y": -55.402235984802246,
                "z": 0.0,
                "pitch": 0.0,
                "yaw": -179.14419555664062,
                "roll": 0.0
            },
            "middle_point": [],
            "end_point": null
        }
    ]
}